column,min,max
annual_inc,6.90875477931522,14.375126917328105
annual_inc_joint,8.294299608857235,14.375126917328105
avg_cur_bal,0.0,13.22839047084981
tot_cur_bal,0.0,15.307829764026419
loan_amount,6.90875477931522,10.596659732783579
funded_amount,6.90875477931522,10.596659732783579
int_rate,0.05173819540441444,0.2699507984214662
installment_per_month,3.4375382633235168,7.3772951539348295
